,Bitcoin_words,Bitcoin_values,CBDC_words,CBDC_values,Ethereum_words,Ethereum_values,Trusts_words,Trusts_values,Exchanges_words,Exchanges_values,Privacy_words,Privacy_values,Ripple_words,Ripple_values,Doge_words,Doge_values,Nano_words,Nano_values
1,CAP,0.2917127757992456,FEE,1.421787195045732,MUSK,1.6571311169827236,CAP,3.173264776215111,CURRENCY,1.0707127283800055,SAFEMOON,2.4138747904171662,NFT,2.008092363925136,GOLD,2.268603920372556,ETH,2.493575026419681
2,FIAT,0.22077887769890986,SECURE,0.9887489156485748,BABI,0.5499463159483846,DEMAND,1.015103333595311,EXCHANG,0.680120065939016,TOKEN,1.1665214549499636,LONG,1.8898240973029423,ENERGY,1.528739431756799,MIGRAT,1.3128223676894968
3,ENERGY,0.20478057887780346,POWER,0.9774636494996964,DADDI,0.5359917253285807,INCREAS,0.7632960916240443,BLIND,0.5388702034382288,XB,1.0927587040103726,COUNTRI,1.2542906963500442,US,0.4680042042356802,DAPP,1.1053319505305714
4,EL,0.20007719582013908,FORK,0.7702787769372188,MOMMI,0.5350071233209267,CURRENCY,0.7075708670211922,REGUL,0.4534005247158504,PONZI,0.9853103699166484,SECURE,1.1567384966641496,WAST,0.44808907118026853,ECOSYSTEM,0.7634441602872014
5,SALVADOR,0.1975484808235564,EIP,0.757690740139804,SCAM,0.15170295774085213,FIAT,0.3263459148740298,CENTRAL,0.45145314600805914,FEE,0.9452603861046069,RISK,1.061861196938062,EFFICI,0.43390511291971673,TOKEN,0.6899442943018573
6,DROP,0.18775179738715672,PO,0.7252733618958376,SURPRIS,0.13829229567251541,APPLI,0.31903101269248446,SERVICE,0.4291556473790225,SCHEME,0.8968834383636012,ASSET,0.9832983638184181,THOUSAND,0.42737342188656535,CHARL,0.5839056471082475
7,COUNTRI,0.17793463805931903,XRP,0.6538153947921777,CONTRIBUT,0.13462719980791943,DEFINIT,0.3102240716012216,CREDIT,0.41660974476538176,EVID,0.7180011932607496,REGUL,0.9002854206003382,POWER,0.41396539626995,BEAR,0.5705571886236548
8,TLDR,0.16761421776341903,CODE,0.569083566069055,ELON,0.03208003011184995,INFINIT,0.3059560925614833,CONFIRM,0.3976003578161674,RISK,0.4528382609408031,TECHNOLOGY,0.8720116166373304,OIL,0.37525436541386376,XB,0.4785109003350293
9,ORIGIN,0.15801677371811837,DEV,0.5295490640202432,TWITTER,0.007570923996987722,IMPOSS,0.3041354852385402,FEE,0.3880181894199154,BURN,0.43199233822675004,CURRENCY,0.8665118786271856,TON,0.32482426545904436,NFT,0.42139697003459187
